Week,Prospect_Number,First_Name,Last_Name,Title,Company,Industry,Company_Size,Website,LinkedIn_URL,Email,Phone,Connection_Type,ICP_Segment,Tech_Stack,Current_System,Outreach_Status,Call_Scheduled_Date,Call_Completed_Date,Call_Duration_Min,Call_Type,ICP_Score_Manual_Effort_1_10,ICP_Score_Compliance_1_10,ICP_Score_Performance_1_10,ICP_Score_Budget_1_10,ICP_Score_Timeline_1_10,ICP_Score_Tech_Fit_1_10,ICP_Score_Business_Impact_1_10,ICP_Score_Sponsor_1_10,Overall_ICP_Score_1_10,Qualification_Status,Key_Pain_Point,Annual_Manual_Effort_Hours,Annual_Manual_Effort_Cost,Compliance_Requirement,Decision_Timeline_Weeks,Budget_Status,Executive_Sponsor_Name,Executive_Sponsor_Title,Competitive_Alternative,Revenue_At_Risk,Revenue_At_Risk_Currency,ROI_Worksheet_Complete,POC_Proposal_Status,Technical_Deep_Dive_Scheduled,Next_Action,Next_Action_Date,Notes,Last_Updated
3,1,Sarah,Chen,VP Product Operations,Intercom,SaaS,500+,www.intercom.io,linkedin.com/in/sarahchen,sarah@intercom.io,(415)555-1234,Warm Intro - Advisor,Enterprise SaaS,GCP + Postgres,Manual + Scripts,Email sent,2/13/26,2/13/26,42,Discovery,8,9,6,8,9,8,8,9,8.25,Qualified,"3-5 FTE wasted on manual SKU changes, compliance audit flagged entitlement trail gap, wants faster pricing launches",3600,450000,SOC2,3,Pre-approved,Sarah Chen,VP Product Operations,Database triggers,50000,USD,Yes,Ready to send,Yes,Send POC proposal,2/21/26,"Strong fit - manual effort high, compliance pain, executive sponsor engaged, GCP native. ROI: 2.5x Y1",2/21/26
3,2,Michael,Rodriguez,Director Platform Engineering,Twilio,CPaaS,1000+,www.twilio.com,linkedin.com/in/mrodriguez,michael.r@twilio.com,(415)555-5678,Warm Intro - Investor,Cloud Platform,GCP + Pub/Sub,Database triggers,LinkedIn message sent,2/14/26,,0,Outreach pending,7,8,9,7,8,9,9,8,8.125,Pending,"Multi-tenant latency issues, revenue leakage from quota bugs, audit trail gaps",2400,300000,SOC2,4,Request needed,TBD,TBD,Custom system,500000,USD,No,Not started,No,Schedule call,2/16/26,"High-value prospect - CPaaS plays to our scale advantage. Need to reach by mid-week",2/14/26
3,3,Jennifer,Lee,Chief Compliance Officer,Revolut,Fintech,200+,www.revolut.com,linkedin.com/in/jlee,jennifer.lee@revolut.com,+44123456789,Cold outreach,Fintech,AWS + Lambda,Manual reconciliation,Email sent 2/11,2/16/26,35,Discovery,6,9,4,7,7,5,9,8,7.125,Good Fit,"Audit cycle takes 3-6 months, fee logic changes slow (2-4 weeks), regulatory compliance critical",4800,600000,GDPR + Fintech-regulated,6,Pre-approved,Jennifer Lee,CCO,Legacy system (internal),200000,USD,Yes,Drafting,No,Send customized ROI,2/19/26,"Compliance play. Good fit but GCP migration might be concern. Need to understand current infrastructure.",2/16/26
3,4,David,Park,VP Engineering,Stripe,SaaS,500+,www.stripe.com,linkedin.com/in/dpark,david.park@stripe.com,(415)555-9012,Advisor referral,Enterprise SaaS,Multi-cloud,Custom system,Email sent 2/10,2/12/26,38,Discovery,7,6,8,8,8,6,9,7,7.5,Good Fit,"Scaling payment tier logic complex, no cryptographic audit trail, time-to-market for new products (2-3 weeks currently)",5000,625000,PCI-DSS,4,Requesting,David Park,VP Eng,Spreadsheets + logic,300000,USD,Yes,Drafting,No,Technical deep-dive call,2/20/26,"Strong prospect. Multi-cloud a concern but they have GCP presence. Competitor evaluation in progress.",2/12/26
3,5,Amanda,Johnson,VP Product,Shopify,E-commerce Platform,1000+,www.shopify.com,linkedin.com/in/ajohnson,amanda.j@shopify.com,(647)555-0987,Warm intro pending,Enterprise SaaS,Multi-cloud,Database triggers,Intro request sent,Pending,0,Outreach pending,6,5,7,6,5,5,7,6,6,Pending,"Seller fee structure complex, limited audit trail for billing disputes, integration heavy",3000,375000,None,8,Not allocated,TBD,TBD,Legacy system,150000,USD,No,Not started,No,Wait for intro confirmation,2/17/26,"Lower urgency - multi-cloud, later budget cycle. Secondary priority for Week 4.",2/12/26
3,6,Robert,Thompson,VP Revenue Operations,Adyen,Fintech,300+,www.adyen.com,linkedin.com/in/rthompson,robert.t@adyen.com,+31201234567,Cold outreach,Fintech,AWS + Postgres,Manual + Scripts,Email sent 2/11,Pending,0,Outreach pending,8,8,6,7,6,4,8,7,6.875,Pending,"40+ hours/month on manual reconciliation, multiple compliance audit findings, revenue leakage from quota errors",6000,750000,PCI-DSS + Local,5,Pre-approved,Robert Thompson,VP RevOps,Database triggers,400000,USD,No,Not started,No,Send cold follow-up,2/18/26,"Great fit profile - high manual effort, compliance pain. GCP migration needed. High potential if we can address infra.",2/11/26
3,7,Lisa,Garcia,Director Product Operations,Notion,SaaS,200+,www.notion.com,linkedin.com/in/lgarcia,lisa.g@notion.com,(415)555-4321,Warm intro request,Enterprise SaaS,GCP + Postgres,Custom system,Intro request sent,Pending,0,Outreach pending,8,7,5,7,8,8,8,8,7.375,Pending,"Multiple tier products, manual rule management 30+ hrs/mo, auditors asked about pricing tier enforcement",3300,412500,SOC2,3,Pre-approved,Lisa Garcia,Director Prod Ops,Database triggers,100000,USD,No,Not started,No,Confirm intro call,2/15/26,"Excellent fit - GCP native, compliant, strong sponsor. High-priority for Week 4 calls.",2/12/26
3,8,James,Wilson,CTO,Auth0,SaaS,300+,www.auth0.com,linkedin.com/in/jwilson,james.w@auth0.com,(512)555-5555,Advisor referral,Cloud Platform,AWS + Lambda,Database triggers,Email sent 2/12,2/18/26,40,Discovery,7,6,8,8,6,4,8,7,6.875,Good Fit,"Auth tier enforcement at scale (100K+ tenants), latency SLA violations, no receipt ledger for compliance",4500,562500,SOC2,5,Requesting,James Wilson,CTO,Custom system,250000,USD,Yes,Drafting,No,Technical deep-dive scheduled,2/22/26,"Strong technical prospect. Multi-cloud is concern but can position GCP migration benefits. Long sales cycle expected.",2/18/26
3,9,Michelle,Brown,VP Product,Cloudinary,SaaS,400+,www.cloudinary.com,linkedin.com/in/mbrown,michelle.b@cloudinary.com,(212)555-6666,Cold outreach,Cloud Platform,AWS + GCP,Database triggers,Email sent 2/10,2/14/26,35,Discovery,6,5,7,6,5,6,7,5,5.875,Medium Fit,"Usage tier scaling challenges, no audit trail for billing compliance, time to new tier = 1 week (not bad)",2500,312500,SOC2,6,Not allocated,TBD,TBD,Custom system,80000,USD,No,Not started,No,Nurture - check back Q2,2/28/26,"Good prospect but lower urgency. Budget not allocated. Nurture for later cycles.",2/14/26
3,10,Thomas,Martinez,VP Finance,Wise,Fintech,500+,www.wise.com,linkedin.com/in/tmartinez,thomas.m@wise.com,+44207123456,Cold outreach,Fintech,GCP + Postgres,Manual reconciliation,Email sent 2/11,Pending,0,Outreach pending,8,9,5,8,7,8,9,9,8.125,Pending,"International fee rules manually managed, compliance audit 6 months/year, time to launch new market = 3-4 weeks",7000,875000,GDPR + FCA-regulated,4,Pre-approved,Thomas Martinez,VP Finance,Legacy system,500000,USD,No,Not started,No,Send follow-up,2/18/26,"Excellent fit - GCP native, very high compliance pain, strong sponsor. European time zone. High priority.",2/11/26
4,11,Patricia,Nguyen,SVP Product,Intercom,SaaS,500+,www.intercom.io,linkedin.com/in/pnguyen,patricia.n@intercom.io,(415)555-7777,Warm intro - Conf,Enterprise SaaS,GCP + Postgres,Database triggers,Call scheduled,2/20/26,Pending,0,Discovery pending,0,0,0,0,0,0,0,0,0,Outreach pending,"TBD - second contact at company, different perspective on tier management",0,0,No requirement,TBD,TBD,TBD,TBD,TBD,0,USD,No,Not started,No,Call discovery,2/20/26,"Follow-up conversation at Intercom with different stakeholder. May reveal enterprise-wide sponsorship.",2/20/26
4,12,Kevin,Singh,VP Product Operations,Slack,SaaS,1000+,www.slack.com,linkedin.com/in/ksingh,kevin.s@slack.com,(415)555-8888,Advisor referral,Enterprise SaaS,AWS + Multi,Custom system,Email sent 2/14,Pending,0,Outreach pending,6,5,6,5,4,4,6,5,5.25,Pending,"Tier management simplified but growing compliance requirements, AWS-focused not GCP",0,0,SOC2,8,Not allocated,TBD,TBD,Custom system,50000,USD,No,Not started,No,Nurture sequence,2/28/26,"Lower fit - AWS focused, later budget. Secondary list for expansion.",2/14/26
4,13,Angela,O'Brien,Director Billing,Uber,CPaaS,2000+,www.uber.com,linkedin.com/in/aobrien,angela.o@uber.com,(415)555-9999,Cold outreach,CPaaS,Multi-cloud,Custom system,Email sent 2/13,Pending,0,Outreach pending,7,6,9,4,6,3,8,4,6.125,Pending,"Complex multi-region billing, latency issues at scale, compliance needs (GDPR,CCPA). Multi-cloud may be blocker",5000,625000,GDPR + CCPA,10,Budget cycle Q3,TBD,TBD,Custom system,1000000,USD,No,Not started,No,Follow-up Week 5,3/3/26,"Very high value but long timeline (Q3 budget). De-prioritize for immediate POCs but monitor.",2/13/26
4,14,Vincent,Patel,VP Engineering,OKX,Crypto/Fintech,300+,www.okx.com,linkedin.com/in/vpatel,vincent.p@okx.com,N/A,Advisor referral,Fintech,Multi-cloud,Custom system,LinkedIn message sent,2/21/26,Pending,0,Discovery pending,6,7,8,3,5,2,7,6,5.5,Pending,"High-volume tx processing, latency critical, compliance fragmented by region, new market entry = 2-3 months cycle",8000,1000000,Multiple regional,6,Request dependent,Vincent Patel,VP Eng,Custom system,2000000,USD,No,Not started,No,Wait for call response,2/23/26,"Interesting but risky - crypto regulatory uncertainty. Lower priority. Watch for market shift.",2/21/26
4,15,Rachel,Kim,SVP Product,Notion,SaaS,200+,www.notion.com,linkedin.com/in/rkim,rachel.k@notion.com,(415)555-1111,Warm intro pending,Enterprise SaaS,GCP + Postgres,Database triggers,Intro request sent 2/14,Pending,0,Outreach pending,9,8,6,9,9,8,8,9,8.375,Pending,"Scale entitlements to 50K+ seats per workspace, auditors want receipt ledger, time-to-market for new tier = 1 day ideal",4000,500000,SOC2,2,Pre-approved,Rachel Kim,SVP Product,Database triggers,75000,USD,No,Not started,No,Confirm warm intro call,2/17/26,"Excellent fit - high urgency, GCP native, very strong sponsor. If we get intro this week, priority call for Week 4.",2/14/26
4,16,Marcus,Lewis,Director Customer Success,Intercom,SaaS,500+,www.intercom.io,linkedin.com/in/mlewis,marcus.l@intercom.io,(415)555-2222,Warm intro - Conf,Enterprise SaaS,GCP + Postgres,Manual + Scripts,Call scheduled,2/19/26,2/19/26,31,Discovery,8,7,5,7,8,8,7,8,7.5,Good Fit,"Customer escalations from tier misconfigurations, audit trail for customer success issues, speed up resolution process",2000,250000,SOC2,3,Request needed,Marcus Lewis,Dir Cust Success,Database triggers,100000,USD,Yes,Drafting,No,Send technical intro email,2/21/26,"Customer Success angle - different from Product Ops. Shows broader internal need. Could drive additional value.",2/19/26
4,17,Yuki,Tanaka,VP Product,Rakuten,Commerce,1000+,www.rakuten.co.jp,linkedin.com/in/ytanaka,yuki.t@rakuten.co.jp,+81901234567,Cold outreach,E-commerce Platform,Multi-cloud,Custom system,Email sent 2/15,Pending,0,Outreach pending,7,4,6,3,8,2,6,3,5,Pending,"Regional multi-tier complexity, manual rule management across APAC/JP/EU, compliance fragmented, time-to-market = 4 weeks",6000,750000,Multiple regional,8,Approval in progress,TBD,TBD,Custom system,300000,USD,No,Not started,No,Follow-up Week 5,3/3/26,"Interesting but long sales cycle expected. Multi-regional complexity could be advantage. Time-zone challenge.",2/15/26
4,18,Sofia,Rossi,VP Engineering,Shopify,E-commerce Platform,1000+,www.shopify.com,linkedin.com/in/srossi,sofia.r@shopify.com,(647)555-1234,Warm intro request,Enterprise SaaS,Multi-cloud,Database triggers,Intro request sent 2/13,Pending,0,Outreach pending,6,5,7,5,4,4,6,4,5.25,Pending,"Seller commission structure, latency issues at scale (100K+ sellers), audit gaps for seller disputes",4000,500000,None,10,2026 Budget allocated,TBD,TBD,Legacy system,200000,USD,No,Not started,No,Wait for intro,2/20/26,"Secondary Shopify contact. Lower priority given timeline (2026 budget). Engineering focus vs Ops.",2/13/26
4,19,Carlos,Mendez,CFO,StockX,Marketplace,400+,www.stockx.com,linkedin.com/in/cmendez,carlos.m@stockx.com,(248)555-5678,Advisor referral,Marketplace,AWS + Postgres,Custom system,Email sent 2/14,Pending,0,Outreach pending,7,6,5,8,5,3,8,6,6.25,Pending,"Seller fee structure critical, manual audit quarterly, compliance findings (audit trail), revenue leakage from fee errors",3500,437500,SOC2,7,Pre-approved,Carlos Mendez,CFO,Database triggers,250000,USD,No,Not started,No,Send follow-up,2/21/26,"Good prospect - AWS not GCP concern. Finance angle (CFO) is strong. Moderate timeline.",2/14/26
4,20,Priya,Verma,Product Manager,Amazon,Cloud,5000+,www.amazon.com,linkedin.com/in/pverma,priya.v@amazon.com,(206)555-9876,Cold outreach,Cloud Platform,AWS + Multi,Custom system,Email sent 2/15,Pending,0,Outreach pending,6,4,7,2,3,1,7,2,4.5,Pending,"Custom systems for different regions, decentralized audit trails, some latency issues, mostly internal political will challenge",10000,1250000,Multiple govts,12,2027 planning,TBD,TBD,Custom system,5000000,USD,No,Not started,No,De-prioritize,4/30/26,"Very low fit - AWS ecosystem, long budget cycle, internal politics. De-prioritize completely.",2/15/26
4,21,Dmitri,Sokolov,VP Product,Gojek,CPaaS,1000+,www.gojek.co.id,linkedin.com/in/dsokolov,dmitri.s@gojek.co.id,+62812345678,Advisor referral,CPaaS,GCP + Pub/Sub,Database triggers,Email sent 2/16,Pending,0,Outreach pending,8,6,9,6,5,9,7,6,7.125,Pending,"Southeast Asia operations, latency critical for driver tier management, compliance varies by country, audit trail gaps",4000,500000,Multiple regional,7,Pre-approved,Dmitri Sokolov,VP Product,Custom system,400000,USD,No,Not started,No,Schedule call,2/19/26,"Excellent technical fit (GCP + Pub/Sub). Regional complexity advantage. High potential.",2/16/26
4,22,Amara,Okafor,VP Compliance,Revolut,Fintech,200+,www.revolut.com,linkedin.com/in/aokafor,amara.o@revolut.com,+44201234567,Warm intro pending,Fintech,AWS + Lambda,Manual reconciliation,Intro request sent 2/12,Pending,0,Outreach pending,5,10,4,8,7,4,9,9,7.25,Pending,"Regulatory compliance fragmented (UK/EU/APAC), audit findings on fee logic, compliance officer highest priority",5000,625000,Multiple FCA/PCI,4,Pre-approved,Amara Okafor,VP Compliance,Legacy system,300000,USD,No,Not started,No,Confirm intro call,2/16/26,"Second Revolut contact (different angle - Compliance vs CFO). Could strengthen deal. Multiple stakeholders is positive.",2/12/26
4,23,Marcus,Oh,VP Engineering,Grab,CPaaS,1000+,www.grab.com,linkedin.com/in/moh,marcus.o@grab.com,+6501234567,Cold outreach,CPaaS,GCP + Multi,Database triggers,Email sent 2/17,Pending,0,Outreach pending,8,5,9,5,5,8,8,5,6.875,Pending,"Multi-country tier complexity, latency issues at scale (10K RPS target), audit needs (Malaysia/Singapore/etc)",4500,562500,Multiple regional,8,Q2 planning,TBD,TBD,Custom system,600000,USD,No,Not started,No,Follow-up Week 5,3/3/26,"Strong prospect - GCP + Pub/Sub ideal. Southeast Asia play. Q2 timeline is slightly extended.",2/17/26
4,24,Elena,Kozlov,Director Product,Wise,Fintech,500+,www.wise.com,linkedin.com/in/ekozlov,elena.k@wise.com,+44208765432,Warm intro request,Fintech,GCP + Postgres,Manual reconciliation,Intro request sent 2/15,Pending,0,Outreach pending,7,8,5,7,6,8,8,7,7,Pending,"International market expansion = new fee tiers monthly, compliance audits every 6 months, audit trail critical",4500,562500,GDPR + Multiple,4,Pre-approved,Elena Kozlov,Director Product,Legacy system,200000,USD,No,Not started,No,Confirm intro call,2/18/26,"Second Wise contact (Product vs Finance). Reinforces internal priority. Multiple stakeholders positive signal.",2/15/26
4,25,David,Kimura,SVP Engineering,Cloudflare,Cloud Platform,600+,www.cloudflare.com,linkedin.com/in/dkimura,david.k@cloudflare.com,(415)555-5555,Advisor referral,Cloud Platform,Multi-cloud,Database triggers,Email sent 2/17,Pending,0,Outreach pending,7,6,8,6,5,4,7,5,6.25,Pending,"DDoS mitigation + security tiers, latency SLA <100ms, no receipt ledger for enterprise customers, scale = 1M+ RPS",5000,625000,SOC2,6,Not allocated,TBD,TBD,Custom system,500000,USD,No,Not started,No,Nurture - check Q3,3/15/26,"Good prospect but lower urgency (budget not allocated). Multi-cloud is concern. Later timeline.",2/17/26
4,26,Nadia,Hansen,VP Product Operations,Figma,SaaS,400+,www.figma.com,linkedin.com/in/nhansen,nadia.h@figma.com,(415)555-6789,Advisor referral,Enterprise SaaS,GCP + Multi,Database triggers,Email sent 2/18,Pending,0,Outreach pending,6,5,5,7,7,7,6,6,6.125,Pending,"Team collaboration tier management, manual process for adding new team features, audit trail nice-to-have not critical",1500,187500,SOC2,8,Not allocated,TBD,TBD,Database triggers,50000,USD,No,Not started,No,Nurture sequence,3/15/26,"Good company but lower pain intensity. Budget not allocated. Nurture for future expansion.",2/18/26
4,27,Jung,Park,CTO,Kakao,Tech Conglomerate,3000+,www.kakao.com,linkedin.com/in/jpark,jung.p@kakao.com,+82212345678,Cold outreach,Tech Platform,AWS + Multi,Custom system,Email sent 2/14,Pending,0,Outreach pending,6,5,7,2,4,2,6,3,4.75,Pending,"Multiple internal business units with tier systems, cultural resistance to centralized systems, long political sales cycle",3000,375000,Multiple regional,24,2027 budget,TBD,TBD,Custom system,1000000,USD,No,Not started,No,De-prioritize,6/30/26,"Enterprise but very long sales cycle. Multi-cloud. De-prioritize given current runway.",2/14/26
4,28,Sophie,Laurent,VP Revenue,Docusign,SaaS,1000+,www.docusign.com,linkedin.com/in/slaurent,sophie.l@docusign.com,(415)555-7890,Advisor referral,Enterprise SaaS,AWS + Multi,Custom system,Email sent 2/19,Pending,0,Outreach pending,5,5,5,6,6,3,5,5,5.125,Pending,"E-signature tier structure, audit requirements for regulated industries, time-to-market = 2 weeks",2500,312500,SOC2,8,Not allocated,TBD,TBD,Database triggers,100000,USD,No,Not started,No,Nurture,3/15/26,"Lower pain intensity. AWS-focused. Budget not allocated. Secondary priority.",2/19/26
4,29,Aleksandr,Petrov,VP Engineering,Yandex,Tech Platform,2000+,www.yandex.ru,linkedin.com/in/apetrov,aleksandr.p@yandex.ru,+79121234567,Cold outreach,Tech Platform,AWS + Multi,Custom system,Email sent 2/16,Pending,0,Outreach pending,7,4,7,2,3,1,6,2,4,Pending,"Significant latency issues at scale (Russia/APAC), compliance fragmented, political blocker = import laws",4000,500000,Multiple regional,18,Budget TBD,TBD,TBD,Custom system,800000,USD,No,Not started,No,Monitor only,6/30/26,"Risky - geopolitical concerns. Import/export complexity. De-prioritize. Monitor for market changes.",2/16/26
4,30,Fatima,Ahmed,VP Product,Noon,E-commerce Platform,600+,www.noon.com,linkedin.com/in/fahmed,fatima.a@noon.com,+966112345678,Advisor referral,E-commerce Platform,AWS + GCP,Database triggers,Email sent 2/18,Pending,0,Outreach pending,6,4,6,5,5,7,6,4,5.5,Pending,"Middle East expansion, tier management per country (KSA/UAE/etc), compliance varies, audit trail needed for investor relations",2000,250000,Multiple regional,7,Pre-approved,Fatima Ahmed,VP Product,Custom system,150000,USD,No,Not started,No,Schedule call,2/21/26,"Interesting regional play (Middle East). GCP presence is good. Moderate urgency.",2/18/26
